President,Ignacio Kohan,(731),446-3832
IT Developer,Elda Wass,(831),577-9391
Senior Product Manager,Everett Osteen,(388),034-5355
Director Sales,Vera Wickstrom,(793),323-1005
VP Operations,Beverley Summers,(261),480-5133
Director Operations,Ray Brenneman,(885),192-9899
Director Operations,Myrna Barros,(801),970-4748
Senior Product Manager,Jaclyn Matthes,(428),961-4963
VP Sales,Lewis Dengler,(417),099-1925
Mgr Operations,Lindsey Showalter,(794),835-9543
President,Damian Grand,(465),877-0864
VP Sales,Richard Spink,(733),102-8755
VP Sales,Micah Mccormick,(852),133-3349
IT Developer,Patricia Dion,(389),359-7434
Director Operations,Rex Betty,(376),436-2394
Director Sales,Deidra Milardo,(682),905-8544
Director Sales,Allen Pisani,(937),734-0817
Director Sales,Samuel Maggio,(129),255-6867
Director Sales,Ursula Glatt,(010),858-0712
President,Frankie Wilkins,(537),446-8744
Senior Product Manager,Annette Freitag,(097),475-5767
VP Operations,Charles Boothe,(100),821-9312
President,Natalie Bleau,(643),195-0095
President,Julia Schneider,(634),073-8618
Director Operations,Candy Wehrle,(902),553-1952
VP Sales,Aisha Hinojosa,(983),390-0570
Mgr Operations,Meghan Midgett,(170),774-5595
Director Sales,Benny Coots,(061),647-1696
Senior Product Manager,Bryant Quintana,(044),236-7382
VP Sales,Arnoldo Drummond,(757),608-2572
Director Operations,Jewel Samayoa,(358),126-3122
Director Sales,Bobbi Kincer,(303),554-5986
IT Developer,Alyce Mowrey,(469),671-7239
Director Sales,Colton Sellars,(479),318-8689
Mgr Operations,Alba Lebel,(804),629-8299
President,Duane Drakes,(608),071-3447
VP Sales,Lenny Wehner,(889),516-8738
Mgr Operations,Patsy Yi,(517),882-3157
VP Operations,Wiley Shore,(918),830-5716
Mgr Operations,Tisha Groh,(860),465-4086
IT Developer,Geri Barraza,(508),508-8336
IT Developer,Courtney Littrell,(358),417-3769
Director Sales,Aida Tokarz,(137),072-1654
President,Muriel Badilla,(814),978-1268
President,Sharlene Fabrizio,(976),461-0308
VP Sales,Tracey Breeze,(855),619-6414
Director Sales,Judson Betty,(403),142-4076
IT Developer,Theodore Mazzeo,(095),922-3633
VP Operations,Alfonso Leonardo,(076),096-3860
VP Sales,Alice Kinzer,(464),210-3532
IT Developer,Jack Hawthorn,(903),427-3597
President,Brett Galbreath,(201),886-7954
IT Developer,Tracie Beam,(285),785-8120
President,Rhonda Motta,(829),855-2141
Director Sales,Antonio Lapoint,(073),227-9458
Director Operations,Carson Bowler,(563),784-7904
IT Developer,Morgan Boutwell,(027),648-2419
Director Operations,Henrietta Grays,(067),126-5283
IT Developer,Geri Summer,(868),727-8536
VP Sales,Suzette Cowans,(325),952-1382
VP Operations,Emory Solis,(804),343-1511
President,Tracey Keffer,(103),686-3996
Senior Product Manager,Patricia Hargis,(618),172-9470
Director Sales,Nigel Southwick,(024),544-1680
President,Arron Mckain,(298),756-7378
Senior Product Manager,Elisa Ditch,(432),071-3905
Mgr Operations,Darron Biggers,(974),909-8235
Senior Product Manager,Rayford Musso,(870),652-9204
Director Operations,Della Doolittle,(623),096-9316
VP Sales,Randell Billings,(654),817-7416
VP Operations,Myron Lamay,(989),878-6768
President,Sam Franko,(360),653-6671
VP Operations,Alton Fischer,(676),395-8216
IT Developer,William Eslinger,(340),890-0141
Director Sales,Fritz Huss,(121),410-7631
Senior Product Manager,Abby Kahle,(920),323-1835
Director Operations,Humberto Robinette,(141),995-1329
Mgr Operations,Vern Higuchi,(593),050-1650
President,Eliza Wellington,(330),255-5138
Mgr Operations,Courtney Vital,(526),952-6101
Mgr Operations,Georgina Walt,(617),516-5882
IT Developer,Donte Creech,(781),775-0653
VP Operations,Todd Dodson,(247),235-8471
VP Sales,Marco Rucks,(190),458-6272
Director Sales,Miranda Biddle,(419),759-7843
Director Sales,Virgil Trudell,(467),624-1819
Senior Product Manager,Terrell Rothwell,(718),677-0935
Mgr Operations,Wes Hammon,(792),610-2066
IT Developer,Shelton Boese,(240),028-7465
Director Operations,Jerrell Levesque,(435),111-2719
Mgr Operations,Maria Agustin,(835),448-0753
Director Sales,Peter Seiter,(199),785-1991
President,Yvette Wen,(476),832-1515
IT Developer,Sheryl Goulette,(281),287-8447
Director Sales,Adeline Curiel,(547),891-9813
President,Philip Jumper,(578),671-3630
President,Amie Walmsley,(266),329-8975
IT Developer,Rex Hollen,(677),383-5177
IT Developer,Mai Seymour,(906),722-5379
IT Developer,Luz Mcclendon,(856),422-0904
Director Sales,Adrian Orris,(125),146-7347
Senior Product Manager,Jenny Hamrick,(368),298-7122
Director Operations,Esteban Strock,(182),741-0727
Director Sales,Noreen Grace,(683),519-4512
Director Sales,Lesley Earle,(974),812-8288
VP Sales,Garfield Wommack,(799),872-5317
Director Operations,Hattie Shin,(743),215-8124
Senior Product Manager,Barbara Sanchez,(561),413-4871
President,Otto Krom,(036),784-9435
Director Operations,Amado Mahar,(711),829-3718
Mgr Operations,Miles Rainey,(771),887-8862
IT Developer,Brigitte Pizano,(753),721-0775
Mgr Operations,Serena Swindler,(010),196-7668
VP Operations,Myron Dwyer,(950),130-8222
Director Operations,Reuben Shiner,(969),898-4464
VP Operations,Wilton Paden,(855),981-4152
President,Dorothea Stowell,(721),575-3999
Director Sales,Rhonda Fulks,(578),010-1797
Mgr Operations,Emmett Bullington,(542),101-8556
Director Sales,Lessie Flax,(130),967-8128
President,Wiley Levitt,(704),789-8239
VP Sales,Brad Mach,(836),730-4047
VP Operations,Chrystal Mcabee,(558),094-5275
Senior Product Manager,Son Duren,(334),545-3235
Senior Product Manager,Paula Kravitz,(944),028-8799
Senior Product Manager,Lou Yale,(257),136-3174
VP Sales,Carla Ickes,(027),278-0880
Senior Product Manager,Charmaine Simmons,(771),711-2921
Director Sales,Ethan Corrado,(530),115-1531
Senior Product Manager,Israel Rouillard,(647),953-0692
Director Operations,Frankie Keels,(896),066-7995
VP Operations,Kris Duty,(226),823-8072
Director Sales,Eusebio Click,(683),822-6738
VP Sales,Mary Aguila,(293),131-0674
VP Sales,Arnulfo Gustin,(804),175-3763
Senior Product Manager,Jake Schwartz,(809),385-6197
VP Operations,Marcel Dwight,(282),341-8688
VP Sales,Willard Rotter,(493),652-1014
VP Sales,Octavio Wimer,(887),942-5798
IT Developer,Addie Harkness,(358),988-9948
IT Developer,Rosalia Bayliss,(670),415-5340
Director Operations,Drew Schwager,(878),015-9278
VP Sales,Eva Marriott,(741),207-1699
President,Noel Mancuso,(906),514-7375
President,Bettie Xavier,(895),782-1780
Director Sales,Dustin Pablo,(808),275-4196
IT Developer,Loraine Mcqueary,(817),539-6133
Senior Product Manager,Ethel Marmol,(145),672-7523
VP Operations,Sherwood Sane,(892),386-7188
IT Developer,Amy Bradburn,(744),518-3604
VP Operations,Anderson Blose,(238),865-9668
Senior Product Manager,Naomi Karpinski,(309),111-0282
Director Sales,Katie Chagnon,(917),861-2651
VP Sales,Myles Ashcroft,(646),767-5025
IT Developer,Susanna Lindgren,(790),516-4148
President,Deidra Salem,(853),685-7267
VP Operations,Ola Bullins,(341),918-8645
Director Sales,Laverne Hendricks,(637),000-3243
President,Violet Raker,(588),239-4106
Director Operations,Isreal Phillip,(597),416-4033
Senior Product Manager,Brad Popovich,(732),951-3690
Director Operations,Shannon Grandison,(243),340-9194
Senior Product Manager,Michael Whitlock,(604),442-6612
VP Sales,Brandon Beckles,(101),196-1649
Director Operations,Kelly Urias,(571),669-1236
Senior Product Manager,Kathie Burkhead,(345),868-4850
President,Rita Dahmen,(726),203-5337
VP Operations,Gayla Bowden,(183),048-6833
Senior Product Manager,Dick Fisher,(558),681-5475
Director Operations,Trenton Jinks,(726),604-1455
VP Sales,Cory Paulin,(778),994-6278
IT Developer,Colton Ranck,(161),305-9460
Director Sales,Dewey Dansereau,(467),887-7635
Director Sales,Carey Willaims,(056),758-0767
IT Developer,Callie Arends,(023),776-9983
IT Developer,Marlon Collinsworth,(373),004-7458
IT Developer,Shad Rickards,(788),389-6634
VP Sales,Elinor Brashears,(647),384-1760
Mgr Operations,Noelle Matsumura,(497),655-2063
Director Operations,Herschel Greenhill,(750),899-1535
Mgr Operations,Melody Beem,(461),926-5817
Senior Product Manager,Shari Delatorre,(863),341-6285
VP Operations,Boyce Sleeper,(292),397-1181
VP Sales,Casey Denker,(859),824-7580
President,Karyn Pink,(270),069-0653
VP Operations,Inez Huth,(285),110-1819
IT Developer,Hilary Shealy,(014),100-7684
Mgr Operations,Wyatt Greening,(119),394-8362
VP Sales,Justine Hornbuckle,(820),905-4532
IT Developer,Elijah Reina,(464),957-9548
IT Developer,Elden Orduna,(416),091-7691
President,Malcom List,(898),920-8435
President,Lynwood Pacheco,(424),690-8979
IT Developer,Debora Galusha,(404),421-8420
VP Sales,Porter Greathouse,(984),929-0194
Director Sales,Arlene Guajardo,(797),906-7180
Mgr Operations,Tyrell Lapointe,(753),976-8812
President,Tommy Daum,(657),942-7000
VP Operations,Lavonne Jaworski,(983),013-9884
Director Sales,Nikki Dingler,(239),460-1303