136de8ad-a5f1-27f6-166e-546f0b2e4dc2,King Software Inc,2014-11-21T09:53:39Z,
13c758ce-553b-587b-0844-546f0ba58f27,EEE Endowments LTD,2014-11-21T09:53:39Z,
147eb488-931d-24c6-7768-546f0bd1c33b,Smith & Sons,2014-11-21T09:53:39Z,
17710851-01be-2d35-94a6-546f0b117f51,Cloud Cover Trust,2014-11-21T09:53:39Z,
1c084a61-eeb7-6867-baac-546f0b50f976,Income Free Investing LP,2014-11-21T09:53:39Z,
263c1428-4e3e-c237-9b97-546f0b6fd5e9,Trait Institute Inc,2014-11-21T09:53:39Z,
3122d611-860a-97ee-9206-546f0b6b2232,MMM Mortuary Corp,2014-11-21T09:53:39Z,
33938732-8554-3bcb-0df8-546f0ba4376a,Nelson Inc,2014-11-21T09:53:39Z,
34604ac4-be7f-ff68-1116-546f0b892654,MTM Investment Bank F S B,2014-11-21T09:53:39Z,
34cf0c6a-655c-395e-6960-546f0b3a3228,Arts & Crafts Inc,2014-11-21T09:53:39Z,
3b03d897-4a78-7fc2-4658-546f0b696428,Max Holdings Ltd,2014-11-21T09:53:39Z,
3e69728b-7ab8-f28f-098e-546f0b42e0d6,Ink Conglomerate Inc,2014-11-21T09:53:39Z,
48fb43d5-0464-700d-f982-546f0b1beb47,A.G. Parr PLC,2014-11-21T09:53:39Z,
49bb4874-4e61-e713-69d9-546f0b9d238e,Powell Funding,2014-11-21T09:53:39Z,
50ff0656-2ce7-7104-8f7b-546f0b660db9,TJ O'Rourke Inc,2014-11-21T09:53:39Z,
51c3144a-7fc4-ecc7-2f84-546f0b3b6ed8,Rhyme & Reason Inc,2014-11-21T09:53:39Z,
55547778-b8a4-75d0-f911-546f0be05880,Sunyvale Reporting Ltd,2014-11-21T09:53:39Z,
57e3225e-be98-3f6e-a43e-546f0bb37a6d,J.K.M. Corp (HA),2014-11-21T09:53:39Z,
5e935cfe-638a-71c6-9878-546f0bcea163,Hammer Group Inc,2014-11-21T09:53:39Z,
5f669f5b-4d3b-01e3-f600-546f0bae7e34,Pullman Cart Company,2014-11-21T09:53:39Z,
6c46d55a-b6ac-422c-5b12-546f0be130d0,Union Bank,2014-11-21T09:53:39Z,
71089f73-127b-e8de-1a75-546f0b6ad949,Hollywood Diner Ltd,2014-11-21T09:53:39Z,
71bfefcd-1884-2a71-0b37-546f0bf188f6,Kaos Trading Ltd,2014-11-21T09:53:39Z,
76694c07-dfff-418a-9a9e-546f0b1a9c98,B.H. Edwards Inc,2014-11-21T09:53:39Z,
7e014aa8-0f47-df4a-26c3-546f0b22a0fb,Southern Realty,2014-11-21T09:53:39Z,
828cd8e1-7450-a3ec-8965-546f0b358378,Lexington Shores Corp,2014-11-21T09:53:39Z,
83f3049a-8c07-74c6-aac9-546f0b1ca6ac,JJ Resources Inc,2014-11-21T09:53:39Z,
886cdaf1-a477-3fd4-8a6a-546f0b2acd6c,RR. Talker Co,2014-11-21T09:53:39Z,
951a8a4b-7a6d-5db9-2cd7-546f0b642612,MMM Mortuary Corp,2014-11-21T09:53:39Z,
95ea3a76-c708-e6ee-1b4a-546f0b093790,X-Sell Holdings,2014-11-21T09:53:39Z,
9881d624-00d8-aca0-92e1-546f0b19a419,S Cane Sweeteners Ltd,2014-11-21T09:53:39Z,
9ec68dde-b6e2-fc18-f7ef-546f0bf02fde,Income Free Investing LP,2014-11-21T09:53:39Z,
a0d2c7cc-3436-c3ec-b389-546f0bed0055,Avery Software Co,2014-11-21T09:53:39Z,
ab11bfff-6b76-a059-9b90-546f0bb3b187,Mississippi Bank Group,2014-11-21T09:53:39Z,
af5f1b8d-173e-38c4-82d8-546f0b3c99e9,Hollywood Diner Ltd,2014-11-21T09:53:39Z,
b73dce6b-dfb4-49d4-1fb1-546f0b0c43fa,NW Bridge Construction,2014-11-21T09:53:39Z,
b76f29f2-98ba-c810-1b07-546f0bfd784b,Constrata Trust LLC,2014-11-21T09:53:39Z,
bee8e160-4e7c-c167-33b0-546f0bf759fe,RRR Advertising Inc.,2014-11-21T09:53:39Z,
c66f437c-9399-9569-bd9f-546f0b446932,MTM Investment Bank F S B,2014-11-21T09:53:39Z,
c69802e8-567a-751b-94c7-546f0b96b6dd,JAB Funds Ltd.,2014-11-21T09:53:39Z,
c77ec30a-a7e0-3176-d10f-546f0b0a51ce,Aim Capital Inc,2014-11-21T09:53:39Z,
ceda2c0d-3996-e0d1-d59b-546f0b258e8d,AtoZ Co Ltd,2014-11-21T09:53:39Z,
d180e82b-ce0d-5769-9eb2-546f0bac275b,Tracker Com LP,2014-11-21T09:53:39Z,
d900fbf6-e42a-f47f-59be-546f0b9130b3,Avery Software Co,2014-11-21T09:53:39Z,
dd1ce78a-b6d6-b8a0-917e-546f0ba4908e,King Software Inc,2014-11-21T09:53:39Z,
dd55cac1-2a6b-e674-b751-546f0bc57439,X-Sell Holdings,2014-11-21T09:53:39Z,
e64bc206-e528-d225-ea9d-546f0bf0637c,Aim Capital Inc,2014-11-21T09:53:39Z,
e9b3f012-a139-b2b0-4031-546f0b2cce11,Lexington Shores Corp,2014-11-21T09:53:39Z,
f1290450-bd32-e605-e93a-546f0bcc2091,JBC Banking Inc,2014-11-21T09:53:39Z,
f4600a07-e479-8ae0-1c75-546f0bdef358,Overhead & Underfoot Ltd.,2014-11-21T09:53:39Z,